GOx , Rate, ExpectedTimeToReachEquilibrium

13,1000,0.001243268620775124
13,2000,0.0007495217193595055

15,1000,0.0012302566767481515
15,2000,0.0007395844925342223
